{"licenses":[{"name":"","id":0,"url":""}],"info":{"contributor":"","date_created":"","description":"","url":"","version":"","year":""},"categories":[{"id":1,"name":"Male","supercategory":""},{"id":2,"name":"Female","supercategory":""}],"images":[{"id":1,"width":720,"height":480,"file_name":"581.jpg","license":0,"flickr_url":"","coco_url":"","date_captured":0},{"id":2,"width":720,"height":480,"file_name":"583.jpg","license":0,"flickr_url":"","coco_url":"","date_captured":0},{"id":3,"width":720,"height":480,"file_name":"586.jpg","license":0,"flickr_url":"","coco_url":"","date_captured":0},{"id":4,"width":720,"height":480,"file_name":"587.jpg","license":0,"flickr_url":"","coco_url":"","date_captured":0},{"id":5,"width":720,"height":480,"file_name":"588.jpg","license":0,"flickr_url":"","coco_url":"","date_captured":0},{"id":6,"width":720,"height":480,"file_name":"589.jpg","license":0,"flickr_url":"","coco_url":"","date_captured":0},{"id":7,"width":720,"height":480,"file_name":"591.jpg","license":0,"flickr_url":"","coco_url":"","date_captured":0},{"id":8,"width":720,"height":480,"file_name":"592.jpg","license":0,"flickr_url":"","coco_url":"","date_captured":0},{"id":9,"width":720,"height":480,"file_name":"593.jpg","license":0,"flickr_url":"","coco_url":"","date_captured":0},{"id":10,"width":720,"height":480,"file_name":"594.jpg","license":0,"flickr_url":"","coco_url":"","date_captured":0},{"id":11,"width":720,"height":480,"file_name":"596.jpg","license":0,"flickr_url":"","coco_url":"","date_captured":0},{"id":12,"width":720,"height":480,"file_name":"597.jpg","license":0,"flickr_url":"","coco_url":"","date_captured":0},{"id":13,"width":720,"height":480,"file_name":"599.jpg","license":0,"flickr_url":"","coco_url":"","date_captured":0},{"id":14,"width":720,"height":480,"file_name":"600.jpg","license":0,"flickr_url":"","coco_url":"","date_captured":0},{"id":15,"width":720,"height":480,"file_name":"601.jpg","license":0,"flickr_url":"","coco_url":"","date_captured":0},{"id":16,"width":720,"height":480,"file_name":"602.jpg","license":0,"flickr_url":"","coco_url":"","date_captured":0},{"id":17,"width":720,"height":480,"file_name":"603.jpg","license":0,"flickr_url":"","coco_url":"","date_captured":0},{"id":18,"width":720,"height":480,"file_name":"605.jpg","license":0,"flickr_url":"","coco_url":"","date_captured":0},{"id":19,"width":720,"height":480,"file_name":"606.jpg","license":0,"flickr_url":"","coco_url":"","date_captured":0},{"id":20,"width":720,"height":480,"file_name":"607.jpg","license":0,"flickr_url":"","coco_url":"","date_captured":0},{"id":21,"width":720,"height":480,"file_name":"610.jpg","license":0,"flickr_url":"","coco_url":"","date_captured":0},{"id":22,"width":720,"height":480,"file_name":"611.jpg","license":0,"flickr_url":"","coco_url":"","date_captured":0},{"id":23,"width":720,"height":480,"file_name":"612.jpg","license":0,"flickr_url":"","coco_url":"","date_captured":0},{"id":24,"width":720,"height":480,"file_name":"613.jpg","license":0,"flickr_url":"","coco_url":"","date_captured":0},{"id":25,"width":720,"height":480,"file_name":"614.jpg","license":0,"flickr_url":"","coco_url":"","date_captured":0},{"id":26,"width":720,"height":480,"file_name":"616.jpg","license":0,"flickr_url":"","coco_url":"","date_captured":0},{"id":27,"width":720,"height":480,"file_name":"619.jpg","license":0,"flickr_url":"","coco_url":"","date_captured":0},{"id":28,"width":720,"height":480,"file_name":"620.jpg","license":0,"flickr_url":"","coco_url":"","date_captured":0},{"id":29,"width":720,"height":480,"file_name":"621.jpg","license":0,"flickr_url":"","coco_url":"","date_captured":0}],"annotations":[{"id":1,"image_id":1,"category_id":2,"segmentation":[],"area":40242.945900000006,"bbox":[241.22,160.8,156.63,256.93],"iscrowd":0,"attributes":{"occluded":false,"rotation":0.0}},{"id":2,"image_id":1,"category_id":1,"segmentation":[],"area":33308.8635,"bbox":[417.22,163.33,131.37,253.55],"iscrowd":0,"attributes":{"occluded":false,"rotation":0.0}},{"id":3,"image_id":1,"category_id":2,"segmentation":[],"area":24281.439999999995,"bbox":[574.69,145.47,89.27,272.0],"iscrowd":0,"attributes":{"occluded":false,"rotation":0.0}},{"id":4,"image_id":2,"category_id":2,"segmentation":[],"area":42589.505600000004,"bbox":[331.58,88.21,129.68,328.42],"iscrowd":0,"attributes":{"occluded":false,"rotation":0.0}},{"id":5,"image_id":2,"category_id":1,"segmentation":[],"area":50504.242399999996,"bbox":[495.54,90.74,154.94,325.96],"iscrowd":0,"attributes":{"occluded":false,"rotation":0.0}},{"id":6,"image_id":3,"category_id":2,"segmentation":[],"area":31046.576400000005,"bbox":[342.3,84.0,92.61,335.24],"iscrowd":0,"attributes":{"occluded":false,"rotation":0.0}},{"id":7,"image_id":3,"category_id":1,"segmentation":[],"area":61543.3592,"bbox":[485.43,75.58,183.58,335.24],"iscrowd":0,"attributes":{"occluded":false,"rotation":0.0}},{"id":8,"image_id":4,"category_id":2,"segmentation":[],"area":48839.639,"bbox":[325.43,87.37,148.3,329.33],"iscrowd":0,"attributes":{"occluded":false,"rotation":0.0}},{"id":9,"image_id":4,"category_id":1,"segmentation":[],"area":59200.17479999999,"bbox":[474.48,89.05,181.14,326.82],"iscrowd":0,"attributes":{"occluded":false,"rotation":0.0}},{"id":10,"image_id":5,"category_id":1,"segmentation":[],"area":28941.80609999998,"bbox":[434.91,100.84,91.87,315.03],"iscrowd":0,"attributes":{"occluded":false,"rotation":0.0}},{"id":11,"image_id":5,"category_id":1,"segmentation":[],"area":29529.904,"bbox":[485.43,132.8,102.82,287.2],"iscrowd":0,"attributes":{"occluded":false,"rotation":0.0}},{"id":12,"image_id":5,"category_id":1,"segmentation":[],"area":23682.092000000004,"bbox":[135.2,138.74,84.2,281.26],"iscrowd":0,"attributes":{"occluded":false,"rotation":0.0}},{"id":13,"image_id":5,"category_id":1,"segmentation":[],"area":25778.0382,"bbox":[207.54,155.58,97.77,263.66],"iscrowd":0,"attributes":{"occluded":false,"rotation":0.0}},{"id":14,"image_id":5,"category_id":1,"segmentation":[],"area":24149.0,"bbox":[248.0,107.6,77.5,311.6],"iscrowd":0,"attributes":{"occluded":false,"rotation":0.0}},{"id":15,"image_id":5,"category_id":1,"segmentation":[],"area":38181.439000000006,"bbox":[286.69,145.5,139.91,272.9],"iscrowd":0,"attributes":{"occluded":false,"rotation":0.0}},{"id":16,"image_id":5,"category_id":1,"segmentation":[],"area":22803.7803,"bbox":[362.48,110.95,74.19,307.37],"iscrowd":0,"attributes":{"occluded":false,"rotation":0.0}},{"id":17,"image_id":5,"category_id":1,"segmentation":[],"area":32556.79259999998,"bbox":[535.96,157.26,124.71,261.06],"iscrowd":0,"attributes":{"occluded":false,"rotation":0.0}},{"id":18,"image_id":6,"category_id":1,"segmentation":[],"area":65690.1968,"bbox":[478.69,83.16,195.46,336.08],"iscrowd":0,"attributes":{"occluded":false,"rotation":0.0}},{"id":19,"image_id":6,"category_id":2,"segmentation":[],"area":43732.240000000005,"bbox":[320.38,100.84,137.35,318.4],"iscrowd":0,"attributes":{"occluded":false,"rotation":0.0}},{"id":20,"image_id":7,"category_id":2,"segmentation":[],"area":58393.683600000004,"bbox":[337.22,85.68,175.98,331.82],"iscrowd":0,"attributes":{"occluded":false,"rotation":0.0}},{"id":21,"image_id":7,"category_id":1,"segmentation":[],"area":59047.525800000025,"bbox":[500.59,105.89,189.51,311.58],"iscrowd":0,"attributes":{"occluded":false,"rotation":0.0}},{"id":22,"image_id":8,"category_id":1,"segmentation":[],"area":46202.51900000001,"bbox":[273.31,105.89,149.05,309.98],"iscrowd":0,"attributes":{"occluded":false,"rotation":0.0}},{"id":23,"image_id":8,"category_id":1,"segmentation":[],"area":57438.3725,"bbox":[452.6,78.1,169.25,339.37],"iscrowd":0,"attributes":{"occluded":false,"rotation":0.0}},{"id":24,"image_id":9,"category_id":1,"segmentation":[],"area":42709.0014,"bbox":[312.8,105.89,138.19,309.06],"iscrowd":0,"attributes":{"occluded":false,"rotation":0.0}},{"id":25,"image_id":9,"category_id":1,"segmentation":[],"area":58140.205200000004,"bbox":[445.01,81.47,173.47,335.16],"iscrowd":0,"attributes":{"occluded":false,"rotation":0.0}},{"id":26,"image_id":10,"category_id":1,"segmentation":[],"area":34645.51180000001,"bbox":[357.43,85.68,104.42,331.79],"iscrowd":0,"attributes":{"occluded":false,"rotation":0.0}},{"id":27,"image_id":10,"category_id":1,"segmentation":[],"area":12164.151999999995,"bbox":[446.69,118.53,53.9,225.68],"iscrowd":0,"attributes":{"occluded":false,"rotation":0.0}},{"id":28,"image_id":10,"category_id":2,"segmentation":[],"area":28695.448600000007,"bbox":[275.83,91.58,89.18,321.77],"iscrowd":0,"attributes":{"occluded":false,"rotation":0.0}},{"id":29,"image_id":10,"category_id":2,"segmentation":[],"area":45176.433000000005,"bbox":[109.85,70.53,130.53,346.1],"iscrowd":0,"attributes":{"occluded":false,"rotation":0.0}},{"id":30,"image_id":10,"category_id":2,"segmentation":[],"area":28811.57279999998,"bbox":[461.85,127.79,99.46,289.68],"iscrowd":0,"attributes":{"occluded":false,"rotation":0.0}},{"id":31,"image_id":11,"category_id":2,"segmentation":[],"area":14145.303900000008,"bbox":[566.27,134.53,64.09,220.71],"iscrowd":0,"attributes":{"occluded":false,"rotation":0.0}},{"id":32,"image_id":11,"category_id":1,"segmentation":[],"area":35422.288399999976,"bbox":[413.85,73.89,103.58,341.98],"iscrowd":0,"attributes":{"occluded":false,"rotation":0.0}},{"id":33,"image_id":11,"category_id":1,"segmentation":[],"area":24549.1092,"bbox":[163.75,117.7,109.56,224.07],"iscrowd":0,"attributes":{"occluded":false,"rotation":0.0}},{"id":34,"image_id":12,"category_id":1,"segmentation":[],"area":27253.6056,"bbox":[155.33,117.68,123.03,221.52],"iscrowd":0,"attributes":{"occluded":false,"rotation":0.0}},{"id":35,"image_id":12,"category_id":1,"segmentation":[],"area":33673.94340000002,"bbox":[418.06,73.05,97.77,344.42],"iscrowd":0,"attributes":{"occluded":false,"rotation":0.0}},{"id":36,"image_id":12,"category_id":2,"segmentation":[],"area":14227.839999999998,"bbox":[568.8,134.53,64.0,222.31],"iscrowd":0,"attributes":{"occluded":false,"rotation":0.0}},{"id":37,"image_id":13,"category_id":1,"segmentation":[],"area":25851.753299999997,"bbox":[207.54,156.59,100.29,257.77],"iscrowd":0,"attributes":{"occluded":false,"rotation":0.0}},{"id":38,"image_id":13,"category_id":1,"segmentation":[],"area":33518.241999999984,"bbox":[513.22,152.38,125.56,266.95],"iscrowd":0,"attributes":{"occluded":false,"rotation":0.0}},{"id":39,"image_id":13,"category_id":1,"segmentation":[],"area":24772.302799999994,"bbox":[484.67,136.38,88.34,280.42],"iscrowd":0,"attributes":{"occluded":false,"rotation":0.0}},{"id":40,"image_id":13,"category_id":1,"segmentation":[],"area":25493.036800000005,"bbox":[450.91,102.69,80.92,315.04],"iscrowd":0,"attributes":{"occluded":false,"rotation":0.0}},{"id":41,"image_id":13,"category_id":1,"segmentation":[],"area":24305.935500000007,"bbox":[370.06,115.33,80.85,300.63],"iscrowd":0,"attributes":{"occluded":false,"rotation":0.0}},{"id":42,"image_id":13,"category_id":1,"segmentation":[],"area":38341.1288,"bbox":[287.54,150.69,144.08,266.11],"iscrowd":0,"attributes":{"occluded":false,"rotation":0.0}},{"id":43,"image_id":13,"category_id":1,"segmentation":[],"area":23113.88799999999,"bbox":[248.8,117.01,78.4,294.82],"iscrowd":0,"attributes":{"occluded":false,"rotation":0.0}},{"id":44,"image_id":13,"category_id":1,"segmentation":[],"area":26867.204000000005,"bbox":[132.59,136.38,95.24,282.1],"iscrowd":0,"attributes":{"occluded":false,"rotation":0.0}},{"id":45,"image_id":14,"category_id":1,"segmentation":[],"area":33593.83140000001,"bbox":[377.64,104.21,107.79,311.66],"iscrowd":0,"attributes":{"occluded":false,"rotation":0.0}},{"id":46,"image_id":14,"category_id":1,"segmentation":[],"area":36979.47999999999,"bbox":[485.43,119.37,124.72,296.5],"iscrowd":0,"attributes":{"occluded":false,"rotation":0.0}},{"id":47,"image_id":14,"category_id":2,"segmentation":[],"area":27315.836000000003,"bbox":[277.43,148.0,101.05,270.32],"iscrowd":0,"attributes":{"occluded":false,"rotation":0.0}},{"id":48,"image_id":15,"category_id":1,"segmentation":[],"area":49520.795999999995,"bbox":[423.96,127.12,170.95,289.68],"iscrowd":0,"attributes":{"occluded":false,"rotation":0.0}},{"id":49,"image_id":15,"category_id":1,"segmentation":[],"area":29389.98449999999,"bbox":[319.54,125.43,100.29,293.05],"iscrowd":0,"attributes":{"occluded":false,"rotation":0.0}},{"id":50,"image_id":15,"category_id":1,"segmentation":[],"area":27752.997600000002,"bbox":[232.8,129.64,96.93,286.32],"iscrowd":0,"attributes":{"occluded":false,"rotation":0.0}},{"id":51,"image_id":16,"category_id":1,"segmentation":[],"area":30981.275999999998,"bbox":[317.01,126.95,106.95,289.68],"iscrowd":0,"attributes":{"occluded":false,"rotation":0.0}},{"id":52,"image_id":16,"category_id":1,"segmentation":[],"area":30477.904400000007,"bbox":[226.91,120.21,102.82,296.42],"iscrowd":0,"attributes":{"occluded":false,"rotation":0.0}},{"id":53,"image_id":16,"category_id":1,"segmentation":[],"area":47394.107500000006,"bbox":[423.96,130.32,165.05,287.15],"iscrowd":0,"attributes":{"occluded":false,"rotation":0.0}},{"id":54,"image_id":17,"category_id":1,"segmentation":[],"area":30516.754799999995,"bbox":[230.27,143.79,111.16,274.53],"iscrowd":0,"attributes":{"occluded":false,"rotation":0.0}},{"id":55,"image_id":17,"category_id":1,"segmentation":[],"area":28253.559,"bbox":[323.75,139.58,101.98,277.05],"iscrowd":0,"attributes":{"occluded":false,"rotation":0.0}},{"id":56,"image_id":17,"category_id":1,"segmentation":[],"area":47183.83999999999,"bbox":[423.2,140.42,173.47,272.0],"iscrowd":0,"attributes":{"occluded":false,"rotation":0.0}},{"id":57,"image_id":18,"category_id":1,"segmentation":[],"area":66822.0748,"bbox":[241.31,79.79,200.33,333.56],"iscrowd":0,"attributes":{"occluded":false,"rotation":0.0}},{"id":58,"image_id":19,"category_id":1,"segmentation":[],"area":26228.617900000005,"bbox":[284.2,126.1,93.53,280.43],"iscrowd":0,"attributes":{"occluded":false,"rotation":0.0}},{"id":59,"image_id":19,"category_id":1,"segmentation":[],"area":33730.82699999999,"bbox":[515.83,75.58,108.55,310.74],"iscrowd":0,"attributes":{"occluded":false,"rotation":0.0}},{"id":60,"image_id":19,"category_id":1,"segmentation":[],"area":18481.663199999988,"bbox":[428.25,86.53,89.18,207.24],"iscrowd":0,"attributes":{"occluded":false,"rotation":0.0}},{"id":61,"image_id":19,"category_id":2,"segmentation":[],"area":18222.23620000001,"bbox":[375.96,125.26,65.77,277.06],"iscrowd":0,"attributes":{"occluded":false,"rotation":0.0}},{"id":62,"image_id":19,"category_id":2,"segmentation":[],"area":20265.87150000001,"bbox":[634.48,110.95,73.35,276.29],"iscrowd":0,"attributes":{"occluded":false,"rotation":0.0}},{"id":63,"image_id":19,"category_id":1,"segmentation":[],"area":25341.298099999985,"bbox":[214.27,118.53,88.51,286.31],"iscrowd":0,"attributes":{"occluded":false,"rotation":0.0}},{"id":64,"image_id":19,"category_id":1,"segmentation":[],"area":12799.773,"bbox":[146.15,155.58,74.15,172.62],"iscrowd":0,"attributes":{"occluded":false,"rotation":0.0}},{"id":65,"image_id":19,"category_id":1,"segmentation":[],"area":6799.052400000001,"bbox":[0.38,160.63,28.63,237.48],"iscrowd":0,"attributes":{"occluded":false,"rotation":0.0}},{"id":66,"image_id":19,"category_id":2,"segmentation":[],"area":14275.392000000002,"bbox":[21.43,161.47,59.88,238.4],"iscrowd":0,"attributes":{"occluded":false,"rotation":0.0}},{"id":67,"image_id":19,"category_id":2,"segmentation":[],"area":14726.107200000002,"bbox":[87.2,161.47,62.23,236.64],"iscrowd":0,"attributes":{"occluded":false,"rotation":0.0}},{"id":68,"image_id":20,"category_id":1,"segmentation":[],"area":26203.291300000008,"bbox":[249.64,131.16,91.79,285.47],"iscrowd":0,"attributes":{"occluded":false,"rotation":0.0}},{"id":69,"image_id":20,"category_id":1,"segmentation":[],"area":30465.915200000014,"bbox":[494.69,133.68,108.64,280.43],"iscrowd":0,"attributes":{"occluded":false,"rotation":0.0}},{"id":70,"image_id":20,"category_id":1,"segmentation":[],"area":43336.840800000005,"bbox":[137.73,84.84,131.28,330.11],"iscrowd":0,"attributes":{"occluded":false,"rotation":0.0}},{"id":71,"image_id":20,"category_id":1,"segmentation":[],"area":35771.892799999994,"bbox":[366.69,93.26,108.64,329.27],"iscrowd":0,"attributes":{"occluded":false,"rotation":0.0}},{"id":72,"image_id":21,"category_id":1,"segmentation":[],"area":17447.0673,"bbox":[236.17,89.89,98.61,176.93],"iscrowd":0,"attributes":{"occluded":false,"rotation":0.0}},{"id":73,"image_id":21,"category_id":1,"segmentation":[],"area":20990.18460000001,"bbox":[595.75,105.9,84.21,249.26],"iscrowd":0,"attributes":{"occluded":false,"rotation":0.0}},{"id":74,"image_id":22,"category_id":1,"segmentation":[],"area":48105.38110000003,"bbox":[422.27,83.16,145.69,330.19],"iscrowd":0,"attributes":{"occluded":false,"rotation":0.0}},{"id":75,"image_id":22,"category_id":1,"segmentation":[],"area":23086.562399999995,"bbox":[318.69,147.16,85.14,271.16],"iscrowd":0,"attributes":{"occluded":false,"rotation":0.0}},{"id":76,"image_id":23,"category_id":1,"segmentation":[],"area":32519.212399999975,"bbox":[450.91,95.79,101.89,319.16],"iscrowd":0,"attributes":{"occluded":false,"rotation":0.0}},{"id":77,"image_id":23,"category_id":1,"segmentation":[],"area":11143.345200000002,"bbox":[257.2,138.74,67.47,165.16],"iscrowd":0,"attributes":{"occluded":false,"rotation":0.0}},{"id":78,"image_id":24,"category_id":1,"segmentation":[],"area":65347.2,"bbox":[410.48,62.11,160.0,408.42],"iscrowd":0,"attributes":{"occluded":false,"rotation":0.0}},{"id":79,"image_id":24,"category_id":2,"segmentation":[],"area":72748.45950000001,"bbox":[189.01,84.0,186.99,389.05],"iscrowd":0,"attributes":{"occluded":false,"rotation":0.0}},{"id":80,"image_id":25,"category_id":2,"segmentation":[],"area":62528.95810000001,"bbox":[189.85,89.89,161.77,386.53],"iscrowd":0,"attributes":{"occluded":false,"rotation":0.0}},{"id":81,"image_id":25,"category_id":1,"segmentation":[],"area":47763.485600000015,"bbox":[381.01,73.89,119.66,399.16],"iscrowd":0,"attributes":{"occluded":false,"rotation":0.0}},{"id":82,"image_id":26,"category_id":2,"segmentation":[],"area":73282.56319999999,"bbox":[230.4,62.1,177.56,412.72],"iscrowd":0,"attributes":{"occluded":false,"rotation":0.0}},{"id":83,"image_id":26,"category_id":1,"segmentation":[],"area":57460.06049999998,"bbox":[407.12,110.11,157.55,364.71],"iscrowd":0,"attributes":{"occluded":false,"rotation":0.0}},{"id":84,"image_id":26,"category_id":1,"segmentation":[],"area":52020.14140000001,"bbox":[114.91,32.63,117.89,441.26],"iscrowd":0,"attributes":{"occluded":false,"rotation":0.0}},{"id":85,"image_id":27,"category_id":1,"segmentation":[],"area":11533.361400000003,"bbox":[175.62,75.58,56.34,204.71],"iscrowd":0,"attributes":{"occluded":false,"rotation":0.0}},{"id":86,"image_id":27,"category_id":2,"segmentation":[],"area":43469.2671,"bbox":[182.36,102.53,119.49,363.79],"iscrowd":0,"attributes":{"occluded":false,"rotation":0.0}},{"id":87,"image_id":27,"category_id":2,"segmentation":[],"area":57613.27649999999,"bbox":[305.2,71.37,144.95,397.47],"iscrowd":0,"attributes":{"occluded":false,"rotation":0.0}},{"id":88,"image_id":28,"category_id":1,"segmentation":[],"area":9445.697999999993,"bbox":[229.43,46.9,40.47,233.4],"iscrowd":0,"attributes":{"occluded":false,"rotation":0.0}},{"id":89,"image_id":28,"category_id":2,"segmentation":[],"area":26437.3947,"bbox":[266.48,87.37,90.19,293.13],"iscrowd":0,"attributes":{"occluded":false,"rotation":0.0}},{"id":90,"image_id":28,"category_id":2,"segmentation":[],"area":53605.6224,"bbox":[368.46,56.2,130.44,410.96],"iscrowd":0,"attributes":{"occluded":false,"rotation":0.0}},{"id":91,"image_id":28,"category_id":2,"segmentation":[],"area":21263.61959999999,"bbox":[188.25,77.26,72.34,293.94],"iscrowd":0,"attributes":{"occluded":false,"rotation":0.0}},{"id":92,"image_id":29,"category_id":1,"segmentation":[],"area":18505.190600000005,"bbox":[269.01,93.26,93.47,197.98],"iscrowd":0,"attributes":{"occluded":false,"rotation":0.0}},{"id":93,"image_id":29,"category_id":1,"segmentation":[],"area":28699.4911,"bbox":[598.27,120.21,104.51,274.61],"iscrowd":0,"attributes":{"occluded":false,"rotation":0.0}}]}